Pidgeot, Farfetch'd, Nidoran, Paras, Gloom, Golem, Lapras, Hitmonlee, Aerodactyl, Farfetch'd, Articuno, Mankey, 2.86969447136, 2, 670.63811027, 67.7979852234, Cloyster, Snorlax, Moltres, Tauros, Chansey, Slowpoke, 2.80210638046, 3, 604.12450915, 68.562192924, Jolteon, Moltres, Flareon, Marowak, Golduck, Zubat, 3.00547504425, 3, 485.14440748, 51.4969557526
Paras, Squirtle, Grimer, Tangela, Marowak, Rapidash, Lapras, Tangela, Golduck, Marowak, Hypno, Tangela, 2.97010612488, 4, 522.45250675, 72.71843238, Cloyster, Porygon, Nidoqueen, Snorlax, Jolteon, Arcanine, 2.63107132912, 2, 709.57251075, 86.6508055008, Dragonite, Dragonite, Dragonite, Farfetch'd, Dugtrio, Magnemite, 2.96376109123, 5, 242.05440448, 47.6755994522
Blastoise, Golduck, Mr. Mime, Poliwrath, Persian, Victreebel, Electrode, Vaporeon, Ponyta, Starmie, Charmeleon, Poliwag, 2.70282316208, 0, 857.47551085, 89.3842431286, Zapdos, Diglett, Dodrio, Gyarados, Gyarados, Snorlax, 2.61576557159, 2, 701.72080936, 82.5553037212, Jolteon, Dragonite, Dragonite, Exeggutor, Kabutops, Butterfree, 2.84590363503, 4, 449.72780626, 58.9678136077
Machoke, Graveler, Rattata, Zapdos, Magmar, Golbat, Exeggutor, Vaporeon, Kangaskhan, Charmander, Moltres, Rhyhorn, 2.65273332596, 2, 731.87781126, 76.3430365853, Butterfree, Weezing, Gloom, Raticate, Ninetales, Hitmonlee, 2.5686211586, 0, 808.47691023, 95.4939289001, Exeggutor, Dragonite, Golem, Dragonite, Electabuzz, Cloyster, 2.8751707077, 4, 390.5980066, 54.3066630121
Shellder, Slowpoke, Gyarados, Sandslash, Cubone, Machoke, Kabutops, Growlithe, Dewgong, Dragonite, Rhydon, Pidgeot, 2.77683067322, 3, 590.06310777, 80.5078709018, Zapdos, Vileplume, Victreebel, Tentacruel, Machamp, Lapras, 2.70436954498, 4, 435.35690623, 57.7296523018, Dragonite, Jolteon, Gyarados, Slowpoke, Kingler, Dodrio, 3.04069781303, 4, 409.25990633, 61.5355119587
Pidgey, Goldeen, Golduck, Hypno, Golduck, Sandshrew, Gyarados, Moltres, Growlithe, Nidorina, Beedrill, Dragonite, 2.76088309288, 2, 705.70370979, 77.5095287471, Golem, Chansey, Gyarados, Butterfree, Chansey, Doduo, 2.64809370041, 3, 821.65241108, 92.2317471921, Raichu, Dragonite, Blastoise, Hypno, Doduo, Kangaskhan, 2.90100622177, 4, 363.80910597, 53.0274168092
Vaporeon, Golduck, Venusaur, Hitmonchan, Aerodactyl, Charmander, Vileplume, Kangaskhan, Arcanine, Onix, Kabuto, Kangaskhan, 2.43370437622, 1, 903.37711157, 97.4208491967, Muk, Dragonite, Scyther, Vaporeon, Flareon, Pidgeot, 2.38980674744, 3, 637.57530951, 78.1728645614, Dragonite, Exeggutor, Charizard, Fearow, Dragonite, Jolteon, 2.69406700134, 3, 588.11020834, 72.6826812744
Poliwhirl, Vileplume, Pidgey, Dewgong, Shellder, Victreebel, Exeggutor, Vileplume, Hitmonlee, Poliwag, Vulpix, Poliwhirl, 2.95177364349, 1, 681.47691023, 66.0032407001, Electrode, Vileplume, Omastar, Snorlax, Jolteon, Slowpoke, 2.86162543297, 3, 588.68940898, 79.5078000606, Moltres, Arcanine, Moltres, Machamp, Venonat, Wigglytuff, 3.11011505127, 4, 393.33980666, 57.992843122
Charmander, Nidoqueen, Kadabra, Diglett, Gyarados, Abra, Rhydon, Diglett, Raichu, Gloom, Pinsir, Magnemite, 2.80755758286, 3, 437.5010067, 41.1490136608, Golem, Articuno, Omastar, Squirtle, Persian, Lapras, 2.75170612335, 4, 443.24420614, 57.772757906, Gyarados, Dragonite, Kingler, Victreebel, Dugtrio, Gyarados, 3.07714557648, 5, 320.58650455, 40.5549417818
Aerodactyl, Mankey, Mr. Mime, Ivysaur, Bulbasaur, Ekans, Lapras, Spearow, Electrode, Bellsprout, Dewgong, Charizard, 2.82444047928, 2, 697.38130971, 71.1826808287, Electrode, Vileplume, Omastar, Snorlax, Jolteon, Lapras, 2.7168841362, 3, 532.68940898, 56.384827079, Raichu, Moltres, Dragonite, Dragonite, Ninetales, Golduck, 2.97329640388, 5, 307.79760392, 41.3990578607
Slowpoke, Wartortle, Parasect, Machoke, Machamp, Tentacool, Snorlax, Wigglytuff, Goldeen, Arbok, Wartortle, Onix, 2.83210110664, 1, 968.35861262, 103.259781615, Golduck, Nidoking, Moltres, Butterfree, Persian, Lapras, 2.80003094673, 3, 521.61090803, 76.115975901, Dragonite, Dragonite, Slowbro, Sandslash, Spearow, Hypno, 2.98509573936, 5, 301.05440448, 52.3421306447
Kingler, Tentacruel, Arcanine, Parasect, Blastoise, Grimer, Dragonite, Clefairy, Doduo, Snorlax, Golduck, Rhydon, 2.61527252197, 1, 980.05051335, 95.4998921925, Machamp, Rhyhorn, Dragonite, Charizard, Graveler, Tauros, 2.52093672752, 3, 615.33560852, 78.6135753379, Dragonite, Rhydon, Tentacruel, Rhydon, Alakazam, Nidoran, 2.82679104805, 3, 596.02750925, 80.3646350273
Starmie, Tentacruel, Weezing, Marowak, Geodude, Spearow, Snorlax, Seel, Slowbro, Nidorino, Exeggutor, Vaporeon, 2.74335861206, 2, 773.58681156, 91.0792939294, Electabuzz, Vileplume, Alakazam, Snorlax, Jolteon, Exeggcute, 2.66662287712, 3, 552.4640088, 70.9256319937, Dragonite, Jolteon, Alakazam, Dragonite, Gengar, Charizard, 2.97888445854, 4, 433.93890563, 58.4796787336
Poliwhirl, Voltorb, Clefairy, Snorlax, Jolteon, Horsea, Venomoth, Primeape, Dewgong, Dragonite, Charizard, Blastoise, 2.71550965309, 3, 623.93330811, 81.5531706748, Zapdos, Vileplume, Marowak, Snorlax, Jolteon, Lapras, 2.63341403008, 3, 589.34990933, 81.7672889029, Exeggutor, Golem, Rhydon, Machamp, Grimer, Seel, 2.92366576195, 4, 454.56520684, 65.7965075777
Pidgey, Lickitung, Psyduck, Jigglypuff, Aerodactyl, Beedrill, Tauros, Kabutops, Squirtle, Gengar, Kingler, Mr. Mime, 2.65661215782, 3, 450.82340678, 69.1395849104, Ninetales, Porygon, Omastar, Voltorb, Chansey, Lapras, 2.56242132187, 2, 565.61821194, 77.270254891, Dragonite, Dragonite, Abra, Moltres, Poliwag, Seel, 2.8640100956, 5, 252.05440448, 41.5979709136
Koffing, Ninetales, Omastar, Clefable, Golem, Omanyte, Dragonite, Cloyster, Gengar, Porygon, Magmar, Ekans, 2.81977701187, 2, 701.85060902, 85.3274204365, Dragonite, Omanyte, Nidoking, Weepinbell, Lickitung, Scyther, 2.7098338604, 2, 732.52680956, 83.4450660404, Gyarados, Gyarados, Seaking, Fearow, Snorlax, Dragonite, 2.93367528915, 4, 491.13010667, 66.3530207894
Primeape, Dragonair, Jolteon, Horsea, Hitmonlee, Staryu, Machoke, Dugtrio, Jolteon, Gengar, Vaporeon, Ninetales, 2.66309261322, 2, 699.38130971, 71.4506912478, Abra, Snorlax, Nidoking, Dragonair, Jolteon, Tentacruel, 2.57384204865, 2, 681.62241008, 65.4729974199, Dragonite, Dragonite, Dragonair, Machamp, Weezing, Electrode, 2.81276226044, 5, 351.05440448, 43.7520785121
Blastoise, Diglett, Venomoth, Exeggutor, Voltorb, Kabutops, Dragonite, Marowak, Nidorina, Magneton, Omastar, Gloom, 2.88003087044, 2, 695.0760092, 77.1664592203, Butterfree, Kangaskhan, Moltres, Blastoise, Jolteon, Exeggcute, 2.80741453171, 3, 647.22290843, 82.9068811195, Dragonite, Dragonite, Scyther, Dragonite, Nidoqueen, Charmeleon, 3.13617515564, 4, 356.84050635, 53.4451185523
Rhydon, Farfetch'd, Muk, Persian, Hypno, Golduck, Dragonite, Dodrio, Ivysaur, Koffing, Vileplume, Nidoran, 2.64564919472, 0, 821.9120104, 80.8272940926, Articuno, Exeggutor, Magneton, Dewgong, Vaporeon, Flareon, 2.55322027206, 2, 882.34571119, 106.618462193, Gyarados, Dragonite, Dragonite, Golduck, Omastar, Mr. Mime, 2.82360816002, 4, 478.61370679, 64.8648501406
Dewgong, Jolteon, Clefable, Gyarados, Machop, Omanyte, Rhydon, Spearow, Paras, Sandshrew, Pidgeot, Arcanine, 2.63197207451, 0, 863.79791093, 75.6172736502, Arcanine, Rhydon, Tangela, Alakazam, Zapdos, Venusaur, 2.56497502327, 3, 614.35270809, 73.0885890554, Vaporeon, Golem, Hypno, Blastoise, Lickitung, Jolteon, 2.75321912766, 2, 872.99051135, 111.068720587
Bellsprout, Weepinbell, Electabuzz, Raticate, Wigglytuff, Raichu, Ninetales, Magnemite, Goldeen, Seaking, Jynx, Hitmonlee, 2.85461068153, 1, 666.91340978, 70.7170212397, Clefable, Vaporeon, Nidoqueen, Butterfree, Chansey, Tentacruel, 2.77826976776, 3, 604.12450915, 69.0436375124, Dragonite, Dragonite, Paras, Exeggutor, Ivysaur, Scyther, 3.01546859741, 5, 313.05440448, 44.9178362676
Dratini, Fearow, Hitmonchan, Alakazam, Magneton, Ivysaur, Alakazam, Abra, Primeape, Lickitung, Exeggcute, Victreebel, 2.89520382881, 1, 798.07321044, 71.9838342748, Rapidash, Rhydon, Jynx, Dragonite, Ninetales, Fearow, 2.80990242958, 3, 620.36840828, 64.2966972752, Alakazam, Dragonite, Persian, Nidorino, Moltres, Blastoise, 3.05967092514, 2, 581.52680956, 63.3518713031
Meowth, Dodrio, Tauros, Flareon, Ninetales, Gloom, Lapras, Vulpix, Machamp, Ekans, Rhyhorn, Charmeleon, 2.70711135864, 1, 857.52261142, 82.8691497548, Gyarados, Omastar, Omastar, Kingler, Poliwrath, Lapras, 2.6167538166, 3, 537.36980766, 70.7140144838, Jolteon, Zapdos, Rhydon, Lickitung, Machamp, Omastar, 3.0342912674, 3, 564.5610087, 62.6158350523
Pidgeotto, Lapras, Magneton, Machop, Meowth, Rhyhorn, Horsea, Nidorina, Zapdos, Aerodactyl, Wigglytuff, Venomoth, 2.85018992424, 1, 876.48841228, 89.9418074585, Electrode, Snorlax, Omastar, Jigglypuff, Kabutops, Dragonair, 2.76351070404, 4, 516.79060702, 68.607851008, Slowbro, Muk, Bulbasaur, Bulbasaur, Abra, Jynx, 2.97828745842, 2, 686.93190873, 91.4602828154
Nidoran, Squirtle, Hitmonlee, Persian, Rhyhorn, Spearow, Butterfree, Arcanine, Arbok, Zubat, Magneton, Lapras, 2.49155521393, 2, 569.96470849, 65.6021151249, Doduo, Porygon, Omastar, Snorlax, Diglett, Doduo, 2.40316057205, 3, 645.69080836, 71.6001742852, Dragonite, Dragonite, Gyarados, Squirtle, Dewgong, Ponyta, 2.64752554893, 5, 212.05440448, 39.2007222646
Seadra, Grimer, Kadabra, Articuno, Slowbro, Pidgeot, Exeggutor, Raichu, Raichu, Growlithe, Porygon, Alakazam, 2.67523789406, 1, 763.41131071, 71.8810416417, Jolteon, Moltres, Kadabra, Kingler, Magnemite, Raichu, 2.58756184578, 2, 577.40120804, 68.1969066738, Dragonite, Snorlax, Wartortle, Pidgeot, Starmie, Psyduck, 2.85821604729, 2, 790.76511117, 90.8493116481
Electabuzz, Raticate, Snorlax, Rattata, Graveler, Clefable, Rhydon, Kabutops, Seadra, Hitmonlee, Alakazam, Primeape, 2.70018935204, 2, 581.94760892, 74.568002431, Rhydon, Dragonite, Moltres, Machoke, Ninetales, Tentacruel, 2.62546253204, 4, 474.46820694, 64.8537112645, Dragonite, Dragonite, Rhydon, Lapras, Moltres, Bellsprout, 2.94622302055, 4, 430.04880696, 63.1804228545
Electabuzz, Sandslash, Clefairy, Tentacool, Raticate, Tangela, Snorlax, Electabuzz, Vaporeon, Rapidash, Jigglypuff, Gloom, 2.72941470146, 3, 688.76790993, 91.8635183781, Lapras, Vileplume, Omastar, Snorlax, Nidorino, Pikachu, 2.66485762596, 3, 630.1060102, 78.2764392997, Dragonite, Machamp, Golbat, Machamp, Voltorb, Dodrio, 2.89320969582, 5, 333.47380446, 53.3652324128
Butterfree, Growlithe, Oddish, Spearow, Tentacruel, Doduo, Snorlax, Magmar, Krabby, Jolteon, Kangaskhan, Fearow, 2.67191934586, 3, 528.46540818, 67.0909065315, Doduo, Oddish, Omastar, Tauros, Jolteon, Lapras, 2.63062953949, 2, 555.9490083, 58.1965060587, Dragonite, Dragonite, Rhydon, Jigglypuff, Jolteon, Horsea, 2.94391036034, 5, 264.05440448, 40.1072225162
Arcanine, Krabby, Zubat, Seel, Kabutops, Sandslash, Lapras, Hypno, Machop, Tauros, Magmar, Nidoran, 2.78505468369, 3, 630.78640888, 80.181253648, Golem, Snorlax, Gyarados, Weepinbell, Electrode, Exeggcute, 2.71232557297, 4, 494.22430781, 64.7525540842, Dragonite, Poliwrath, Dragonite, Venusaur, Magneton, Primeape, 3.01824235916, 5, 340.47380446, 54.9700230897
Sandshrew, Ekans, Rhydon, Machamp, Magnemite, Lapras, Dragonite, Drowzee, Pidgeot, Paras, Charizard, Sandshrew, 2.84998297691, 1, 762.89491083, 80.2786148567, Golduck, Dragonite, Pidgeot, Tauros, Electrode, Poliwag, 2.74201464653, 3, 607.90050835, 73.1877744156, Gyarados, Venusaur, Raichu, Vaporeon, Eevee, Machoke, 3.03958725929, 4, 434.92180606, 58.5642924558
Machamp, Kangaskhan, Mankey, Wartortle, Kabuto, Fearow, Exeggcute, Gengar, Jynx, Gloom, Tauros, Hypno, 2.68150925636, 2, 628.62520884, 68.6561137157, Scyther, Flareon, Moltres, Tauros, Chansey, Doduo, 2.58452033997, 3, 484.80490783, 68.0546926225, Dragonite, Dragonite, Dragonite, Jolteon, Poliwhirl, Gloom, 2.87782979012, 5, 323.05440448, 53.4536194973
Mr. Mime, Vileplume, Articuno, Weezing, Muk, Hitmonlee, Gyarados, Nidoran, Porygon, Pidgeotto, Cloyster, Slowpoke, 2.5703496933, 0, 871.70091103, 88.2046763932, Snorlax, Chansey, Lapras, Gengar, Exeggutor, Machop, 2.51298332214, 2, 1053.0620154, 123.74025216, Moltres, Rapidash, Arcanine, Raichu, Growlithe, Gloom, 2.78568458557, 1, 759.50691123, 83.3624295058
Pidgey, Porygon, Sandslash, Muk, Hitmonlee, Exeggutor, Dragonite, Omanyte, Psyduck, Exeggcute, Magmar, Meowth, 2.78096556664, 1, 681.44550985, 75.9661647012, Aerodactyl, Porygon, Slowpoke, Wartortle, Vaporeon, Tentacruel, 2.70739626884, 1, 986.6810127, 96.3734728824, Moltres, Snorlax, Dragonite, Dragonite, Raticate, Sandslash, 2.98984456062, 4, 575.12730791, 69.8459294753
Seaking, Lickitung, Parasect, Cloyster, Persian, Ponyta, Exeggutor, Shellder, Exeggutor, Pinsir, Dewgong, Dodrio, 2.81786298752, 1, 793.05471149, 84.1143536793, Fearow, Vileplume, Rhydon, Charmeleon, Diglett, Tentacool, 2.73410630226, 0, 794.25151005, 85.3183117599, Gyarados, Dragonite, Snorlax, Weezing, Geodude, Wigglytuff, 2.98144340515, 4, 624.240008, 80.640426216
Exeggcute, Exeggcute, Lapras, Exeggcute, Ivysaur, Gastly, Lapras, Drowzee, Primeape, Nidoqueen, Sandshrew, Jigglypuff, 3.01430845261, 3, 661.23860862, 80.5306322004, Abra, Weezing, Moltres, Snorlax, Jolteon, Lapras, 2.95618534088, 3, 511.12590853, 64.661878784, Pinsir, Dragonite, Charizard, Moltres, Dewgong, Muk, 3.22046613693, 5, 315.70060402, 46.798532252
Weezing, Jynx, Koffing, Chansey, Horsea, Graveler, Tauros, Aerodactyl, Magnemite, Porygon, Vileplume, Krabby, 2.78772616386, 2, 597.83490883, 96.6609322745, Rapidash, Snorlax, Omastar, Tauros, Jolteon, Exeggcute, 2.72125411034, 4, 540.1130071, 93.3263666177, Moltres, Moltres, Venusaur, Pinsir, Goldeen, Seaking, 3.00914955139, 4, 401.90470649, 67.7166554465
Dragonite, Pidgey, Onix, Charmander, Golem, Spearow, Nidorino, Seaking, Golduck, Tentacruel, Poliwrath, Poliwag, 2.83670401573, 2, 733.62241008, 74.2394444625, Lapras, Vaporeon, Gyarados, Dragonair, Kabutops, Horsea, 2.7534995079, 4, 464.09450815, 49.8339425407, Cloyster, Dragonite, Victreebel, Golduck, Vileplume, Venonat, 3.08567428589, 4, 387.16430581, 44.8431236972
Paras, Jolteon, Exeggcute, Meowth, Bulbasaur, Pikachu, Victreebel, Golbat, Tentacruel, Bulbasaur, Dodrio, Gloom, 2.95784044266, 4, 464.92180606, 55.3225634397, Electrode, Oddish, Omastar, Snorlax, Diglett, Lapras, 2.68879985809, 3, 549.80350845, 66.9340966698, Nidoqueen, Flareon, Moltres, Dugtrio, Articuno, Slowbro, 2.86193227768, 5, 257.120004, 43.4629590344
Paras, Tentacool, Farfetch'd, Clefairy, Machop, Gastly, Horsea, Horsea, Kingler, Nidorino, Tauros, Lapras, 2.36782860756, 2, 455.20860762, 66.7675830782, Doduo, Oddish, Omastar, Tauros, Chansey, Lapras, 2.28596115112, 3, 394.27560652, 55.1288007959, Dragonite, Dragonite, Rapidash, Machoke, Raticate, Shellder, 2.55844593048, 6, 156.02720224, 32.5881838779
Marowak, Weezing, Clefable, Nidoran, Snorlax, Rhyhorn, Snorlax, Aerodactyl, Seadra, Omastar, Poliwhirl, Vulpix, 2.6906774044, 3, 690.68940898, 92.0594949601, Dewgong, Chansey, Rhydon, Snorlax, Hitmonchan, Exeggcute, 2.60189795494, 3, 1001.82511317, 125.842909272, Dragonite, Tauros, Moltres, Exeggutor, Nidoking, Chansey, 2.88359332085, 4, 492.37260642, 81.6489350852
Dragonair, Squirtle, Zubat, Nidorino, Aerodactyl, Rattata, Horsea, Moltres, Paras, Horsea, Nidoqueen, Dugtrio, 2.56267595291, 2, 618.40120804, 66.247532691, Ninetales, Oddish, Nidoqueen, Voltorb, Chansey, Exeggcute, 2.45732617378, 2, 631.61821194, 85.8835921125, Dragonite, Jolteon, Dragonite, Sandslash, Magmar, Slowbro, 2.80917358398, 5, 233.70060402, 34.9641329936
Beedrill, Rapidash, Machop, Golduck, Sandslash, Staryu, Rhydon, Dugtrio, Lapras, Haunter, Vileplume, Hitmonchan, 2.69257283211, 2, 640.25151005, 71.9356587782, Golduck, Vileplume, Moltres, Snorlax, Chansey, Lapras, 2.58949494362, 3, 624.01040968, 73.9966293695, Dragonite, Dragonite, Omastar, Lapras, Lapras, Nidoqueen, 2.86957216263, 5, 338.05440448, 50.4822543956
Porygon, Exeggcute, Weezing, Vileplume, Mr. Mime, Cloyster, Flareon, Scyther, Vileplume, Electabuzz, Tangela, Dragonair, 3.02138352394, 3, 555.03170739, 64.943456782, Dragonite, Venomoth, Moltres, Snorlax, Vaporeon, Lapras, 2.86967110634, 3, 532.91340978, 69.0550108675, Golem, Ninetales, Nidoking, Gastly, Lapras, Abra, 3.16946101189, 2, 666.78361012, 84.8935363694
Dugtrio, Dragonair, Ponyta, Wigglytuff, Clefable, Charmander, Raticate, Bulbasaur, Tauros, Seel, Fearow, Tangela, 2.75543236732, 1, 778.17021034, 88.5461710581, Golem, Vileplume, Omastar, Jigglypuff, Chansey, Lapras, 2.76318669319, 2, 838.64681356, 92.7573716716, Dragonite, Rhydon, Dragonite, Dragonite, Weezing, Voltorb, 2.94660568237, 5, 320.02160472, 47.8953570924
Mr. Mime, Alakazam, Rapidash, Rhydon, Dragonite, Lickitung, Goldeen, Ivysaur, Rhydon, Pinsir, Articuno, Articuno, 2.61571931839, 1, 930.92491183, 86.7073302964, Seaking, Gyarados, Gyarados, Bulbasaur, Articuno, Golbat, 2.52651619911, 2, 773.58961032, 77.4082315077, Pidgeot, Dragonite, Lapras, Gyarados, Scyther, Exeggcute, 2.80181312561, 2, 810.10321144, 78.759183435
Goldeen, Tentacool, Slowpoke, Mankey, Venusaur, Venonat, Psyduck, Poliwag, Scyther, Machoke, Lapras, Dewgong, 2.708953619, 2, 557.38130971, 75.0453951671, Doduo, Vileplume, Nidoqueen, Tauros, Chansey, Exeggcute, 2.63085341454, 3, 472.8220074, 62.2026949824, Dragonite, Dragonite, Dragonite, Kingler, Seel, Kabuto, 2.87284994125, 5, 209.05440448, 42.9012851988
Magmar, Clefable, Omastar, Slowpoke, Farfetch'd, Psyduck, Snorlax, Cubone, Goldeen, Golem, Zubat, Rhydon, 2.80826926231, 1, 883.48841228, 93.961844204, Sandslash, Vaporeon, Omastar, Voltorb, Kabutops, Exeggcute, 2.72802042961, 2, 666.4940098, 94.3547124614, Dragonite, Jolteon, Jolteon, Jolteon, Jolteon, Fearow, 2.91801714897, 5, 289.70060402, 46.9347332539
Nidoqueen, Gastly, Articuno, Victreebel, Staryu, Charmeleon, Kangaskhan, Rattata, Raticate, Muk, Blastoise, Ponyta, 2.67463803291, 1, 796.24871129, 95.252827059, Tauros, Snorlax, Moltres, Snorlax, Chansey, Lapras, 2.61283373833, 3, 615.65241108, 78.1021033425, Gyarados, Lapras, Moltres, Zapdos, Lickitung, Ekans, 2.8912756443, 4, 551.77350745, 69.1573270785
Tangela, Squirtle, Goldeen, Meowth, Omanyte, Doduo, Psyduck, Charmeleon, Venonat, Ivysaur, Sandslash, Nidorino, 2.42041730881, 2, 559.91620854, 61.6066158488, Doduo, Oddish, Nidoqueen, Voltorb, Diglett, Lapras, 2.33966946602, 2, 547.53240708, 62.9111253913, Dragonite, Dragonite, Flareon, Snorlax, Ponyta, Tauros, 2.53025770187, 6, 168.02720224, 36.5605333615
Magnemite, Arcanine, Paras, Kingler, Machoke, Hitmonlee, Golem, Jolteon, Tangela, Lickitung, Electabuzz, Charmander, 2.79223442078, 4, 429.35830561, 50.614682153, Golem, Snorlax, Moltres, Snorlax, Jolteon, Exeggcute, 2.69911456108, 4, 534.11160772, 58.6037780362, Rhydon, Dragonite, Dragonite, Muk, Butterfree, Meowth, 2.98141026497, 4, 380.04880696, 51.0487519737
Machoke, Zubat, Clefable, Zubat, Clefable, Wigglytuff, Lapras, Rapidash, Primeape, Growlithe, Nidoran, Koffing, 2.78405618668, 1, 833.63671089, 90.6897131831, Electrode, Weezing, Omastar, Snorlax, Diglett, Lapras, 2.70378184319, 3, 573.4640088, 85.4930040202, Alakazam, Dragonite, Dragonite, Golem, Bulbasaur, Shellder, 2.97914242744, 5, 268.26550385, 44.2100680798
Magnemite, Golduck, Poliwag, Graveler, Magnemite, Eevee, Horsea, Aerodactyl, Doduo, Poliwrath, Dragonair, Squirtle, 2.60944128036, 3, 490.5010067, 54.2504398834, Ninetales, Oddish, Omastar, Snorlax, Diglett, Magmar, 2.52407956123, 3, 499.19010867, 62.0408918318, Jolteon, Venusaur, Rhydon, Scyther, Haunter, Charmeleon, 2.83866429329, 5, 263.68490383, 44.2269593604
Electrode, Exeggutor, Raichu, Porygon, Porygon, Drowzee, Dragonite, Zapdos, Kabuto, Clefable, Grimer, Squirtle, 2.68173480034, 1, 890.73231141, 95.8077414423, Dragonite, Dragonite, Nidoqueen, Rhyhorn, Geodude, Lapras, 2.58532881737, 4, 479.5010067, 60.8309872146, Dragonite, Dragonite, Dragonite, Ivysaur, Snorlax, Jigglypuff, 2.86207532883, 4, 415.08160672, 55.5063757897
Gengar, Moltres, Hypno, Flareon, Moltres, Ekans, Dugtrio, Lapras, Weepinbell, Dragonite, Aerodactyl, Charmander, 2.3306992054, 0, 915.16741158, 82.0485083714, Dugtrio, Dragonite, Gyarados, Rhydon, Moltres, Gyarados, 2.24576711655, 3, 518.15870829, 64.1211405898, Gyarados, Gyarados, Slowbro, Gyarados, Spearow, Charizard, 2.50432062149, 4, 527.67790693, 65.0938449551
Exeggcute, Pidgey, Dragonair, Zubat, Nidoran, Bulbasaur, Horsea, Weepinbell, Cloyster, Victreebel, Rhydon, Doduo, 2.38400602341, 3, 363.27560652, 47.6574833386, Ninetales, Oddish, Omastar, Tauros, Diglett, Lapras, 2.31266546249, 3, 418.43540718, 58.0870618494, Dragonite, Dragonite, Oddish, Pidgey, Beedrill, Vulpix, 2.60901284218, 6, 164.02720224, 30.666112489
Jynx, Wigglytuff, Doduo, Abra, Dewgong, Persian, Ninetales, Magmar, Fearow, Porygon, Primeape, Charizard, 2.94898724556, 2, 633.43120904, 71.317531375, Zapdos, Tauros, Nidoqueen, Tauros, Chansey, Lapras, 2.85937190056, 3, 650.69080836, 74.5496148008, Flareon, Flareon, Machamp, Raichu, Gyarados, Doduo, 3.1702246666, 4, 341.79340578, 47.2974999126
Krabby, Seadra, Farfetch'd, Marowak, Graveler, Machop, Horsea, Dewgong, Spearow, Scyther, Abra, Machoke, 2.66908717155, 1, 755.75220974, 82.6288055017, Lapras, Vileplume, Moltres, Blastoise, Chansey, Lapras, 2.60956382751, 3, 655.54390913, 77.0999827372, Dragonite, Dragonite, Gyarados, Poliwrath, Kingler, Electabuzz, 2.89522266388, 5, 286.05440448, 44.7538525344
Paras, Fearow, Aerodactyl, Psyduck, Seel, Marowak, Tauros, Gengar, Articuno, Staryu, Weepinbell, Haunter, 2.72022008896, 2, 597.83490883, 79.3626378718, Golem, Vaporeon, Omastar, Blastoise, Chansey, Magmar, 2.64525842667, 4, 465.56520684, 64.0976197366, Raichu, Dragonite, Hitmonchan, Gyarados, Nidoran, Chansey, 2.90938997269, 5, 292.37820394, 47.7940414056
Raichu, Sandshrew, Geodude, Ninetales, Porygon, Pidgeotto, Oddish, Tentacruel, Magneton, Jynx, Raichu, Graveler, 2.68322968483, 2, 647.17440848, 73.535876456, Golem, Porygon, Moltres, Blastoise, Diglett, Lapras, 2.60614013672, 3, 485.56240808, 68.9665872911, Venusaur, Gyarados, Golem, Gyarados, Jynx, Machoke, 2.87524533272, 5, 327.57080436, 49.6150577635
Slowpoke, Diglett, Tauros, Dragonite, Zubat, Articuno, Gyarados, Golbat, Porygon, Mr. Mime, Weezing, Hitmonlee, 2.77228784561, 1, 803.6210107, 84.5842187038, Exeggutor, Tauros, Jynx, Venomoth, Machamp, Magmar, 2.68437147141, 2, 645.36421014, 70.5108142741, Exeggutor, Lapras, Articuno, Articuno, Pidgeot, Scyther, 3.04926586151, 4, 573.77350745, 75.2045938933
Marowak, Seadra, Seel, Haunter, Magnemite, Poliwhirl, Horsea, Beedrill, Vileplume, Golem, Nidoran, Rhydon, 2.70700454712, 3, 529.04880696, 57.0683644496, Ninetales, Porygon, Nidoqueen, Wartortle, Chansey, Exeggcute, 2.63402080536, 2, 846.35861262, 94.7573840274, Dragonite, Exeggutor, Venusaur, Blastoise, Rhydon, Slowpoke, 2.86032915115, 5, 312.58650455, 48.6340646052
Parasect, Articuno, Marowak, Ninetales, Lapras, Victreebel, Lapras, Tentacruel, Primeape, Wigglytuff, Wigglytuff, Ponyta, 2.57030844688, 0, 1143.56411447, 115.443637634, Moltres, Lapras, Weepinbell, Gyarados, Arcanine, Muk, 2.48741269112, 2, 760.89351145, 86.3904393385, Arcanine, Jynx, Gyarados, Seadra, Poliwrath, Dragonite, 2.76860809326, 2, 766.36421014, 85.3972435894
Primeape, Squirtle, Gastly, Flareon, Exeggcute, Cloyster, Beedrill, Magmar, Koffing, Grimer, Lapras, Oddish, 2.87919330597, 2, 769.81640988, 88.9597864039, Hypno, Chansey, Moltres, Blastoise, Arbok, Lapras, 2.79543066025, 3, 767.9420114, 77.1639057093, Dragonite, Dragonite, Gyarados, Flareon, Aerodactyl, Tentacruel, 3.18188023567, 4, 400.61370679, 50.5511645428
Oddish, Nidoqueen, Kangaskhan, Scyther, Drowzee, Moltres, Gyarados, Exeggutor, Dragonite, Alakazam, Dragonite, Golbat, 2.72811770439, 3, 577.38410847, 70.5009620434, Dragonite, Gyarados, Vaporeon, Raichu, Slowbro, Golem, 2.61733675003, 4, 507.35410747, 69.9608426045, Gyarados, Dragonite, Haunter, Raichu, Golem, Pidgeotto, 2.95377850533, 3, 549.95040768, 67.2128903986
Nidorino, Bellsprout, Raichu, Machop, Venonat, Hitmonchan, Weezing, Pinsir, Exeggutor, Golduck, Hitmonlee, Jynx, 2.76092720032, 4, 437.90610587, 58.7193246343, Doduo, Oddish, Nidoqueen, Tauros, Chansey, Magmar, 2.69046926498, 2, 719.66671189, 72.1560224001, Dragonite, Dragonite, Venusaur, Electrode, Graveler, Nidorina, 2.87384700775, 5, 293.05440448, 40.9608415045
Tauros, Vileplume, Gengar, Tauros, Pinsir, Dragonair, Jynx, Pidgeot, Starmie, Tangela, Machamp, Slowbro, 2.664539814, 1, 804.66671189, 85.1238924679, Clefable, Lapras, Sandslash, Rhydon, Poliwrath, Gyarados, 2.57840514183, 1, 948.2260142, 94.6096486021, Zapdos, Dragonite, Dragonite, Dragonair, Dratini, Dragonite, 2.8162984848, 3, 609.64230841, 71.4811210526
Raichu, Arbok, Pidgey, Nidorino, Magneton, Nidoking, Lapras, Rapidash, Tangela, Graveler, Vileplume, Dragonite, 2.82862710953, 2, 720.25151005, 72.1161955115, Nidoking, Diglett, Nidoqueen, Bulbasaur, Charizard, Tentacool, 2.74013113976, 2, 592.91620854, 78.0318534842, Rhydon, Rhydon, Rhydon, Sandshrew, Poliwrath, Graveler, 3.02809882164, 5, 367.98880496, 45.7210447217
Ninetales, Hitmonchan, Venomoth, Arcanine, Weezing, Hitmonlee, Flareon, Pinsir, Abra, Dragonite, Bulbasaur, Electrode, 2.68885183334, 1, 724.09031001, 87.4405413269, Dragonite, Moltres, Rhydon, Eevee, Butterfree, Kingler, 2.62778234482, 2, 701.05751025, 74.7392290835, Slowbro, Gyarados, Snorlax, Moltres, Dragonite, Poliwrath, 2.88814020157, 3, 711.21871029, 82.6390454877
Blastoise, Golem, Poliwrath, Nidorina, Dugtrio, Charmeleon, Venusaur, Seaking, Venusaur, Machoke, Ninetales, Golduck, 2.6042766571, 3, 608.0460082, 77.2205783964, Zapdos, Fearow, Arcanine, Machoke, Slowbro, Rhydon, 2.50972104073, 1, 843.13181306, 84.4866068934, Venusaur, Gyarados, Pinsir, Machamp, Dragonite, Graveler, 2.82825183868, 3, 520.69080836, 73.0227175725
Staryu, Vileplume, Nidoqueen, Nidorina, Omastar, Paras, Tauros, Exeggcute, Charmander, Hypno, Graveler, Jolteon, 2.83677959442, 1, 756.60531051, 75.6350168392, Zapdos, Venomoth, Omastar, Dewgong, Rattata, Lapras, 2.74394726753, 3, 583.46540818, 84.0376619432, Moltres, Gyarados, Dragonite, Pinsir, Raticate, Seel, 3.04093933105, 4, 377.03310677, 56.3484334575
Lapras, Diglett, Fearow, Scyther, Fearow, Jynx, Dragonair, Venusaur, Golem, Cloyster, Cubone, Jolteon, 2.93426632881, 1, 705.08891063, 68.878860535, Rhydon, Venusaur, Omastar, Snorlax, Jolteon, Venusaur, 2.8948161602, 2, 802.11891163, 78.2105768912, Raichu, Golem, Charizard, Arbok, Mr. Mime, Vileplume, 3.07682752609, 3, 514.56380746, 52.276352194
Magmar, Ivysaur, Goldeen, Cloyster, Sandslash, Voltorb, Lapras, Dewgong, Scyther, Hitmonchan, Machop, Porygon, 2.83005928993, 3, 606.12590853, 84.3470878022, Ninetales, Oddish, Moltres, Snorlax, Jolteon, Lapras, 3.08700418472, 3, 616.85060902, 90.5734590428, Dragonite, Dragonite, Alakazam, Bulbasaur, Parasect, Parasect, 3.46581411362, 4, 392.29270609, 52.3806456959
Pidgey, Hitmonlee, Venonat, Seadra, Dugtrio, Growlithe, Raticate, Grimer, Charmeleon, Butterfree, Electrode, Omanyte, 2.90872907639, 1, 704.71940998, 71.2233244079, Doduo, Porygon, Omastar, Voltorb, Diglett, Lapras, 2.58717608452, 1, 682.30001, 69.1960247053, Dragonite, Dragonite, Jynx, Starmie, Kadabra, Magnemite, 2.86807775497, 5, 245.05440448, 39.2203958916
Beedrill, Rhyhorn, Cubone, Gyarados, Sandshrew, Hitmonlee, Dragonite, Slowpoke, Koffing, Golbat, Victreebel, Raticate, 2.9240834713, 2, 659.07460982, 73.8185171803, Gyarados, Dragonite, Gyarados, Alakazam, Jolteon, Arcanine, 2.73148846626, 5, 356.58650455, 54.0665708503, Dragonite, Dragonite, Dragonite, Vileplume, Ivysaur, Slowbro, 2.97826218605, 5, 333.05440448, 53.6126969002
Ponyta, Golbat, Kadabra, Rapidash, Hypno, Pidgeotto, Aerodactyl, Kabutops, Electabuzz, Gengar, Cloyster, Horsea, 2.78106641769, 2, 674.51250875, 80.9216840989, Golduck, Dragonite, Magmar, Slowbro, Oddish, Magmar, 2.7059340477, 4, 446.71210607, 62.4066116997, Jolteon, Dragonite, Gyarados, Dragonite, Drowzee, Omanyte, 2.92391014099, 4, 355.25990633, 51.1392164786
Seel, Jynx, Kabuto, Dodrio, Exeggutor, Lapras, Machamp, Geodude, Growlithe, Kangaskhan, Machoke, Porygon, 3.06856632233, 0, 908.05471149, 74.9405295448, Ninetales, Pinsir, Dratini, Moltres, Parasect, Sandshrew, 2.98870635033, 1, 739.8150105, 78.6568119302, Gyarados, Zapdos, Lapras, Poliwrath, Vileplume, Tentacruel, 3.39739704132, 3, 635.22010967, 84.1873651874
Kingler, Blastoise, Goldeen, Clefable, Starmie, Aerodactyl, Dragonite, Pinsir, Ninetales, Kabuto, Zapdos, Parasect, 2.95786952972, 2, 640.34990933, 83.7234843142, Jolteon, Dragonite, Slowbro, Charizard, Chansey, Kingler, 2.79229354858, 3, 505.11020834, 61.2713710448, Dragonite, Jolteon, Dragonite, Jolteon, Vileplume, Poliwhirl, 3.04682636261, 4, 423.72780626, 60.8863387687
Lapras, Kadabra, Arbok, Nidoran, Golbat, Seel, Electrode, Flareon, Dugtrio, Snorlax, Ponyta, Blastoise, 2.86848115921, 3, 494.25570819, 68.5440620099, Pidgeotto, Flareon, Nidoqueen, Snorlax, Jolteon, Tentacruel, 2.84539484978, 3, 663.0760092, 80.6734096482, Jolteon, Kingler, Gyarados, Jolteon, Poliwrath, Graveler, 2.96789002419, 4, 412.4710057, 59.7789280525
Lickitung, Omastar, Jynx, Oddish, Starmie, Grimer, Exeggutor, Lapras, Kadabra, Pidgeotto, Gloom, Clefairy, 2.98924350739, 2, 790.67091003, 81.7838283129, Lapras, Exeggutor, Arbok, Snorlax, Arbok, Horsea, 2.86819887161, 3, 717.33141038, 90.5977934029, Machamp, Venusaur, Snorlax, Flareon, Hypno, Arcanine, 3.05876803398, 4, 583.11160772, 65.656171486
Flareon, Vaporeon, Spearow, Tauros, Jigglypuff, Arbok, Lapras, Exeggutor, Machop, Slowbro, Seel, Lickitung, 2.56037569046, 3, 684.67230941, 72.3908617429, Gyarados, Vaporeon, Gyarados, Parasect, Omastar, Dragonair, 2.5157020092, 4, 510.88620754, 74.2058857057, Gyarados, Dragonite, Dragonite, Machamp, Jolteon, Growlithe, 2.849183321, 4, 395.61370679, 59.0601364875
Farfetch'd, Magmar, Bulbasaur, Rattata, Machoke, Eevee, Snorlax, Charmander, Arcanine, Pinsir, Magneton, Rhydon, 2.48331832886, 4, 518.210007, 65.3351650646, Doduo, Vileplume, Omastar, Snorlax, Chansey, Lapras, 2.36545300484, 3, 642.91620854, 67.6073340273, Dragonite, Dragonite, Alakazam, Geodude, Starmie, Lapras, 2.75216770172, 5, 202.05440448, 40.2540083827
Cloyster, Drowzee, Ekans, Doduo, Rhyhorn, Vulpix, Psyduck, Clefable, Kabutops, Rhyhorn, Dratini, Bellsprout, 2.63102555275, 3, 532.04740758, 75.1538922276, Ninetales, Porygon, Omastar, Snorlax, Diglett, Lapras, 2.59165358543, 4, 394.19710557, 66.0196866241, Arcanine, Dragonite, Gyarados, Electrode, Spearow, Diglett, 2.91990613937, 5, 258.47380446, 48.0163807462
Vileplume, Zapdos, Exeggcute, Kabuto, Electabuzz, Horsea, Dragonite, Blastoise, Jolteon, Snorlax, Lapras, Jigglypuff, 2.67776203156, 4, 473.13150605, 62.7984953056, Lapras, Paras, Nidoqueen, Weepinbell, Poliwrath, Magmar, 2.61540699005, 2, 706.9120104, 79.0253764674, Nidoqueen, Nidoqueen, Weezing, Dragonite, Alakazam, Butterfree, 2.85955452919, 3, 531.59380846, 79.0562771841
Farfetch'd, Charizard, Psyduck, Goldeen, Nidorina, Dratini, Lapras, Lickitung, Wigglytuff, Growlithe, Zapdos, Fearow, 2.67846989632, 3, 709.44550985, 76.5613435604, Ninetales, Vileplume, Omastar, Snorlax, Chansey, Slowpoke, 2.58110785484, 3, 552.0760092, 74.8401791475, Jolteon, Gyarados, Dragonite, Poliwhirl, Meowth, Persian, 2.88568925858, 5, 266.23270409, 42.8343375873
Hitmonlee, Tauros, Staryu, Golduck, Kadabra, Mr. Mime, Rhydon, Jigglypuff, Machamp, Vaporeon, Farfetch'd, Pinsir, 2.72802782059, 1, 973.38861362, 74.8692924247, Butterfree, Dragonite, Nidoqueen, Blastoise, Gastly, Mankey, 2.66466546059, 3, 643.25570819, 68.3840156749, Scyther, Jynx, Arcanine, Ponyta, Machamp, Mankey, 2.94359827042, 2, 593.47830961, 63.1693043794
Squirtle, Krabby, Dodrio, Dewgong, Golbat, Tangela, Tauros, Vaporeon, Zapdos, Abra, Nidorina, Pidgey, 2.94811844826, 3, 569.46540818, 93.7524616129, Doduo, Snorlax, Omastar, Snorlax, Jolteon, Lapras, 2.84417891502, 3, 746.67091003, 96.0114254823, Zapdos, Jolteon, Arcanine, Dratini, Nidorina, Marowak, 3.17238879204, 4, 354.56660622, 51.6543003102
Krabby, Kabuto, Vaporeon, Rhyhorn, Hitmonlee, Kadabra, Lapras, Flareon, Grimer, Weezing, Primeape, Exeggutor, 2.80689048767, 1, 875.35861262, 94.3102920822, Venusaur, Vileplume, Marowak, Blastoise, Jolteon, Tentacruel, 2.67173647881, 4, 408.26130571, 53.7742148558, Venusaur, Dragonite, Dragonite, Raticate, Ivysaur, Hitmonchan, 2.96525454521, 5, 315.03870429, 47.2413728968
Venomoth, Venusaur, Rapidash, Weepinbell, Venonat, Porygon, Lapras, Ekans, Magnemite, Wigglytuff, Magneton, Vaporeon, 2.92287707329, 1, 925.5840128, 94.9649692706, Rapidash, Parasect, Moltres, Weepinbell, Electrode, Lapras, 2.97709012032, 3, 529.14440748, 61.9315386143, Moltres, Moltres, Gengar, Dragonite, Pidgeotto, Exeggcute, 3.18985748291, 5, 340.89320444, 52.6742122389
Golem, Machamp, Dratini, Rhyhorn, Dragonite, Nidorino, Cloyster, Wartortle, Golduck, Jigglypuff, Beedrill, Charizard, 2.64075565338, 0, 924.6510117, 72.25802527, Venusaur, Rhydon, Flareon, Dragonite, Geodude, Rhydon, 2.66278481483, 3, 670.70650855, 62.2986130643, Exeggutor, Exeggutor, Gyarados, Jolteon, Vulpix, Parasect, 2.8813803196, 3, 639.35130871, 63.2912007871
Cubone, Exeggutor, Electabuzz, Magmar, Poliwag, Gengar, Tauros, Charizard, Alakazam, Persian, Seel, Farfetch'd, 3.02849912643, 3, 561.66080736, 62.5701370481, Wigglytuff, Vileplume, Marowak, Snorlax, Diglett, Arcanine, 2.96148920059, 3, 726.89631021, 75.574405172, Dragonite, Dragonite, Kangaskhan, Dragonite, Gyarados, Arcanine, 3.23439860344, 5, 328.05440448, 51.4902479712
Cloyster, Omastar, Psyduck, Poliwag, Raticate, Ponyta, Lapras, Electrode, Dratini, Jolteon, Nidoran, Spearow, 2.78884243965, 3, 513.27280776, 78.3844836526, Clefable, Oddish, Omastar, Charmeleon, Chansey, Mankey, 2.70951962471, 2, 821.27871229, 96.89398053, Poliwrath, Jolteon, Dragonite, Machamp, Tentacool, Paras, 2.98473882675, 4, 316.14720624, 50.5469639944
Voltorb, Krabby, Victreebel, Victreebel, Golduck, Rapidash, Dragonite, Pidgeotto, Abra, Raticate, Cloyster, Golduck, 3.00946211815, 1, 677.05751025, 75.7080593773, Kabutops, Venomoth, Moltres, Slowbro, Jolteon, Lapras, 3.01502251625, 3, 572.1430081, 69.4321981311, Muk, Moltres, Alakazam, Arbok, Kingler, Grimer, 3.12715196609, 3, 528.03030801, 61.7955516144
Pidgey, Nidorina, Hitmonchan, Spearow, Jigglypuff, Chansey, Butterfree, Rhyhorn, Diglett, Geodude, Gloom, Hypno, 2.55017662048, 1, 679.54250975, 87.4704944121, Electrode, Vileplume, Omastar, Voltorb, Diglett, Lapras, 2.46381449699, 4, 398.03590553, 76.267313491, Dragonite, Charizard, Flareon, Meowth, Bellsprout, Zapdos, 2.76067686081, 5, 252.87750425, 55.4869151128
Tauros, Slowbro, Articuno, Marowak, Moltres, Slowbro, Primeape, Farfetch'd, Oddish, Goldeen, Raichu, Doduo, 2.38916611671, 0, 723.91480916, 53.9810740374, Rhydon, Nidoking, Seaking, Dragonite, Kabutops, Exeggutor, 2.33973550797, 1, 895.74521284, 103.163895749, Dragonite, Golbat, Charizard, Dragonite, Golem, Exeggutor, 2.64804339409, 2, 789.8150105, 88.1546748037
Zubat, Hitmonchan, Hypno, Squirtle, Ekans, Nidorina, Snorlax, Gyarados, Venusaur, Arbok, Slowpoke, Onix, 2.65257048607, 5, 440.21280576, 58.7803692748, Doduo, Porygon, Omastar, Snorlax, Chansey, Magmar, 2.6212875843, 3, 630.69080836, 73.5840786409, Dragonite, Dragonite, Dragonite, Jynx, Aerodactyl, Kabuto, 2.95105743408, 5, 272.05440448, 45.7361948677
Omanyte, Ekans, Nidorina, Magmar, Vileplume, Flareon, Rhydon, Fearow, Kangaskhan, Pidgey, Kabutops, Spearow, 2.95512914658, 2, 667.70370979, 62.7363736032, Gyarados, Dragonite, Nidoqueen, Weepinbell, Diglett, Slowpoke, 2.83924341202, 5, 334.58650455, 53.0420254714, Dragonite, Dragonite, Charizard, Arcanine, Zapdos, Tauros, 3.03339958191, 5, 317.05440448, 51.2065309747
Venonat, Persian, Scyther, Poliwhirl, Nidoran, Slowbro, Lapras, Arcanine, Spearow, Weezing, Golduck, Pidgeotto, 2.8536772728, 2, 760.58961032, 79.2043348007, Golem, Vaporeon, Moltres, Krabby, Jolteon, Exeggcute, 2.8112783432, 4, 512.22570719, 70.2501813363, Moltres, Snorlax, Jolteon, Dragonite, Shellder, Primeape, 3.16178655624, 4, 490.77350745, 63.7825827353
Magnemite, Venusaur, Hypno, Weepinbell, Vulpix, Pidgeot, Moltres, Kingler, Poliwag, Lickitung, Butterfree, Bellsprout, 3.07609200478, 2, 659.1730091, 72.6123226307, Poliwhirl, Dragonite, Moltres, Seadra, Jolteon, Exeggcute, 2.87383103371, 4, 463.14720624, 61.8025545035, Dragonite, Dragonite, Dragonite, Jolteon, Zubat, Haunter, 3.18893885612, 5, 346.05440448, 54.5165718264
---------- METRIC ----------
000. Total time: 2.87s        Average time: 0.00s        States evaluated: 1000
001. Total time: 2.80s        Average time: 0.00s        States evaluated: 1000
002. Total time: 3.01s        Average time: 0.00s        States evaluated: 1000
003. Total time: 2.97s        Average time: 0.00s        States evaluated: 1000
004. Total time: 2.63s        Average time: 0.00s        States evaluated: 1000
005. Total time: 2.96s        Average time: 0.00s        States evaluated: 1000
006. Total time: 2.70s        Average time: 0.00s        States evaluated: 1000
007. Total time: 2.62s        Average time: 0.00s        States evaluated: 1000
008. Total time: 2.85s        Average time: 0.00s        States evaluated: 1000
009. Total time: 2.65s        Average time: 0.00s        States evaluated: 1000
010. Total time: 2.57s        Average time: 0.00s        States evaluated: 1000
011. Total time: 2.88s        Average time: 0.00s        States evaluated: 1000
012. Total time: 2.78s        Average time: 0.00s        States evaluated: 1000
013. Total time: 2.70s        Average time: 0.00s        States evaluated: 1000
014. Total time: 3.04s        Average time: 0.00s        States evaluated: 1000
015. Total time: 2.76s        Average time: 0.00s        States evaluated: 1000
016. Total time: 2.65s        Average time: 0.00s        States evaluated: 1000
017. Total time: 2.90s        Average time: 0.00s        States evaluated: 1000
018. Total time: 2.43s        Average time: 0.00s        States evaluated: 1000
019. Total time: 2.39s        Average time: 0.00s        States evaluated: 1000
020. Total time: 2.69s        Average time: 0.00s        States evaluated: 1000
021. Total time: 2.95s        Average time: 0.00s        States evaluated: 1000
022. Total time: 2.86s        Average time: 0.00s        States evaluated: 1000
023. Total time: 3.11s        Average time: 0.00s        States evaluated: 1000
024. Total time: 2.81s        Average time: 0.00s        States evaluated: 1000
025. Total time: 2.75s        Average time: 0.00s        States evaluated: 1000
026. Total time: 3.08s        Average time: 0.00s        States evaluated: 1000
027. Total time: 2.82s        Average time: 0.00s        States evaluated: 1000
028. Total time: 2.72s        Average time: 0.00s        States evaluated: 1000
029. Total time: 2.97s        Average time: 0.00s        States evaluated: 1000
030. Total time: 2.83s        Average time: 0.00s        States evaluated: 1000
031. Total time: 2.80s        Average time: 0.00s        States evaluated: 1000
032. Total time: 2.99s        Average time: 0.00s        States evaluated: 1000
033. Total time: 2.62s        Average time: 0.00s        States evaluated: 1000
034. Total time: 2.52s        Average time: 0.00s        States evaluated: 1000
035. Total time: 2.83s        Average time: 0.00s        States evaluated: 1000
036. Total time: 2.74s        Average time: 0.00s        States evaluated: 1000
037. Total time: 2.67s        Average time: 0.00s        States evaluated: 1000
038. Total time: 2.98s        Average time: 0.00s        States evaluated: 1000
039. Total time: 2.72s        Average time: 0.00s        States evaluated: 1000
040. Total time: 2.63s        Average time: 0.00s        States evaluated: 1000
041. Total time: 2.92s        Average time: 0.00s        States evaluated: 1000
042. Total time: 2.66s        Average time: 0.00s        States evaluated: 1000
043. Total time: 2.56s        Average time: 0.00s        States evaluated: 1000
044. Total time: 2.86s        Average time: 0.00s        States evaluated: 1000
045. Total time: 2.82s        Average time: 0.00s        States evaluated: 1000
046. Total time: 2.71s        Average time: 0.00s        States evaluated: 1000
047. Total time: 2.93s        Average time: 0.00s        States evaluated: 1000
048. Total time: 2.66s        Average time: 0.00s        States evaluated: 1000
049. Total time: 2.57s        Average time: 0.00s        States evaluated: 1000
050. Total time: 2.81s        Average time: 0.00s        States evaluated: 1000
051. Total time: 2.88s        Average time: 0.00s        States evaluated: 1000
052. Total time: 2.81s        Average time: 0.00s        States evaluated: 1000
053. Total time: 3.14s        Average time: 0.00s        States evaluated: 1000
054. Total time: 2.65s        Average time: 0.00s        States evaluated: 1000
055. Total time: 2.55s        Average time: 0.00s        States evaluated: 1000
056. Total time: 2.82s        Average time: 0.00s        States evaluated: 1000
057. Total time: 2.63s        Average time: 0.00s        States evaluated: 1000
058. Total time: 2.56s        Average time: 0.00s        States evaluated: 1000
059. Total time: 2.75s        Average time: 0.00s        States evaluated: 1000
060. Total time: 2.85s        Average time: 0.00s        States evaluated: 1000
061. Total time: 2.78s        Average time: 0.00s        States evaluated: 1000
062. Total time: 3.02s        Average time: 0.00s        States evaluated: 1000
063. Total time: 2.90s        Average time: 0.00s        States evaluated: 1000
064. Total time: 2.81s        Average time: 0.00s        States evaluated: 1000
065. Total time: 3.06s        Average time: 0.00s        States evaluated: 1000
066. Total time: 2.71s        Average time: 0.00s        States evaluated: 1000
067. Total time: 2.62s        Average time: 0.00s        States evaluated: 1000
068. Total time: 3.03s        Average time: 0.00s        States evaluated: 1000
069. Total time: 2.85s        Average time: 0.00s        States evaluated: 1000
070. Total time: 2.76s        Average time: 0.00s        States evaluated: 1000
071. Total time: 2.98s        Average time: 0.00s        States evaluated: 1000
072. Total time: 2.49s        Average time: 0.00s        States evaluated: 1000
073. Total time: 2.40s        Average time: 0.00s        States evaluated: 1000
074. Total time: 2.65s        Average time: 0.00s        States evaluated: 1000
075. Total time: 2.68s        Average time: 0.00s        States evaluated: 1000
076. Total time: 2.59s        Average time: 0.00s        States evaluated: 1000
077. Total time: 2.86s        Average time: 0.00s        States evaluated: 1000
078. Total time: 2.70s        Average time: 0.00s        States evaluated: 1000
079. Total time: 2.63s        Average time: 0.00s        States evaluated: 1000
080. Total time: 2.95s        Average time: 0.00s        States evaluated: 1000
081. Total time: 2.73s        Average time: 0.00s        States evaluated: 1000
082. Total time: 2.66s        Average time: 0.00s        States evaluated: 1000
083. Total time: 2.89s        Average time: 0.00s        States evaluated: 1000
084. Total time: 2.67s        Average time: 0.00s        States evaluated: 1000
085. Total time: 2.63s        Average time: 0.00s        States evaluated: 1000
086. Total time: 2.94s        Average time: 0.00s        States evaluated: 1000
087. Total time: 2.79s        Average time: 0.00s        States evaluated: 1000
088. Total time: 2.71s        Average time: 0.00s        States evaluated: 1000
089. Total time: 3.02s        Average time: 0.00s        States evaluated: 1000
090. Total time: 2.85s        Average time: 0.00s        States evaluated: 1000
091. Total time: 2.74s        Average time: 0.00s        States evaluated: 1000
092. Total time: 3.04s        Average time: 0.00s        States evaluated: 1000
093. Total time: 2.68s        Average time: 0.00s        States evaluated: 1000
094. Total time: 2.58s        Average time: 0.00s        States evaluated: 1000
095. Total time: 2.88s        Average time: 0.00s        States evaluated: 1000
096. Total time: 2.57s        Average time: 0.00s        States evaluated: 1000
097. Total time: 2.51s        Average time: 0.00s        States evaluated: 1000
098. Total time: 2.79s        Average time: 0.00s        States evaluated: 1000
099. Total time: 2.78s        Average time: 0.00s        States evaluated: 1000
100. Total time: 2.71s        Average time: 0.00s        States evaluated: 1000
101. Total time: 2.99s        Average time: 0.00s        States evaluated: 1000
102. Total time: 2.82s        Average time: 0.00s        States evaluated: 1000
103. Total time: 2.73s        Average time: 0.00s        States evaluated: 1000
104. Total time: 2.98s        Average time: 0.00s        States evaluated: 1000
105. Total time: 3.01s        Average time: 0.00s        States evaluated: 1000
106. Total time: 2.96s        Average time: 0.00s        States evaluated: 1000
107. Total time: 3.22s        Average time: 0.00s        States evaluated: 1000
108. Total time: 2.79s        Average time: 0.00s        States evaluated: 1000
109. Total time: 2.72s        Average time: 0.00s        States evaluated: 1000
110. Total time: 3.01s        Average time: 0.00s        States evaluated: 1000
111. Total time: 2.84s        Average time: 0.00s        States evaluated: 1000
112. Total time: 2.75s        Average time: 0.00s        States evaluated: 1000
113. Total time: 3.09s        Average time: 0.00s        States evaluated: 1000
114. Total time: 2.96s        Average time: 0.00s        States evaluated: 1000
115. Total time: 2.69s        Average time: 0.00s        States evaluated: 1000
116. Total time: 2.86s        Average time: 0.00s        States evaluated: 1000
117. Total time: 2.37s        Average time: 0.00s        States evaluated: 1000
118. Total time: 2.29s        Average time: 0.00s        States evaluated: 1000
119. Total time: 2.56s        Average time: 0.00s        States evaluated: 1000
120. Total time: 2.69s        Average time: 0.00s        States evaluated: 1000
121. Total time: 2.60s        Average time: 0.00s        States evaluated: 1000
122. Total time: 2.88s        Average time: 0.00s        States evaluated: 1000
123. Total time: 2.56s        Average time: 0.00s        States evaluated: 1000
124. Total time: 2.46s        Average time: 0.00s        States evaluated: 1000
125. Total time: 2.81s        Average time: 0.00s        States evaluated: 1000
126. Total time: 2.69s        Average time: 0.00s        States evaluated: 1000
127. Total time: 2.59s        Average time: 0.00s        States evaluated: 1000
128. Total time: 2.87s        Average time: 0.00s        States evaluated: 1000
129. Total time: 3.02s        Average time: 0.00s        States evaluated: 1000
130. Total time: 2.87s        Average time: 0.00s        States evaluated: 1000
131. Total time: 3.17s        Average time: 0.00s        States evaluated: 1000
132. Total time: 2.76s        Average time: 0.00s        States evaluated: 1000
133. Total time: 2.76s        Average time: 0.00s        States evaluated: 1000
134. Total time: 2.95s        Average time: 0.00s        States evaluated: 1000
135. Total time: 2.62s        Average time: 0.00s        States evaluated: 1000
136. Total time: 2.53s        Average time: 0.00s        States evaluated: 1000
137. Total time: 2.80s        Average time: 0.00s        States evaluated: 1000
138. Total time: 2.71s        Average time: 0.00s        States evaluated: 1000
139. Total time: 2.63s        Average time: 0.00s        States evaluated: 1000
140. Total time: 2.87s        Average time: 0.00s        States evaluated: 1000
141. Total time: 2.81s        Average time: 0.00s        States evaluated: 1000
142. Total time: 2.73s        Average time: 0.00s        States evaluated: 1000
143. Total time: 2.92s        Average time: 0.00s        States evaluated: 1000
144. Total time: 2.67s        Average time: 0.00s        States evaluated: 1000
145. Total time: 2.61s        Average time: 0.00s        States evaluated: 1000
146. Total time: 2.89s        Average time: 0.00s        States evaluated: 1000
147. Total time: 2.42s        Average time: 0.00s        States evaluated: 1000
148. Total time: 2.34s        Average time: 0.00s        States evaluated: 1000
149. Total time: 2.53s        Average time: 0.00s        States evaluated: 1000
150. Total time: 2.79s        Average time: 0.00s        States evaluated: 1000
151. Total time: 2.70s        Average time: 0.00s        States evaluated: 1000
152. Total time: 2.98s        Average time: 0.00s        States evaluated: 1000
153. Total time: 2.78s        Average time: 0.00s        States evaluated: 1000
154. Total time: 2.70s        Average time: 0.00s        States evaluated: 1000
155. Total time: 2.98s        Average time: 0.00s        States evaluated: 1000
156. Total time: 2.61s        Average time: 0.00s        States evaluated: 1000
157. Total time: 2.52s        Average time: 0.00s        States evaluated: 1000
158. Total time: 2.84s        Average time: 0.00s        States evaluated: 1000
159. Total time: 2.68s        Average time: 0.00s        States evaluated: 1000
160. Total time: 2.59s        Average time: 0.00s        States evaluated: 1000
161. Total time: 2.86s        Average time: 0.00s        States evaluated: 1000
162. Total time: 2.33s        Average time: 0.00s        States evaluated: 1000
163. Total time: 2.25s        Average time: 0.00s        States evaluated: 1000
164. Total time: 2.50s        Average time: 0.00s        States evaluated: 1000
165. Total time: 2.38s        Average time: 0.00s        States evaluated: 1000
166. Total time: 2.31s        Average time: 0.00s        States evaluated: 1000
167. Total time: 2.61s        Average time: 0.00s        States evaluated: 1000
168. Total time: 2.95s        Average time: 0.00s        States evaluated: 1000
169. Total time: 2.86s        Average time: 0.00s        States evaluated: 1000
170. Total time: 3.17s        Average time: 0.00s        States evaluated: 1000
171. Total time: 2.67s        Average time: 0.00s        States evaluated: 1000
172. Total time: 2.61s        Average time: 0.00s        States evaluated: 1000
173. Total time: 2.90s        Average time: 0.00s        States evaluated: 1000
174. Total time: 2.72s        Average time: 0.00s        States evaluated: 1000
175. Total time: 2.65s        Average time: 0.00s        States evaluated: 1000
176. Total time: 2.91s        Average time: 0.00s        States evaluated: 1000
177. Total time: 2.68s        Average time: 0.00s        States evaluated: 1000
178. Total time: 2.61s        Average time: 0.00s        States evaluated: 1000
179. Total time: 2.88s        Average time: 0.00s        States evaluated: 1000
180. Total time: 2.77s        Average time: 0.00s        States evaluated: 1000
181. Total time: 2.68s        Average time: 0.00s        States evaluated: 1000
182. Total time: 3.05s        Average time: 0.00s        States evaluated: 1000
183. Total time: 2.71s        Average time: 0.00s        States evaluated: 1000
184. Total time: 2.63s        Average time: 0.00s        States evaluated: 1000
185. Total time: 2.86s        Average time: 0.00s        States evaluated: 1000
186. Total time: 2.57s        Average time: 0.00s        States evaluated: 1000
187. Total time: 2.49s        Average time: 0.00s        States evaluated: 1000
188. Total time: 2.77s        Average time: 0.00s        States evaluated: 1000
189. Total time: 2.88s        Average time: 0.00s        States evaluated: 1000
190. Total time: 2.80s        Average time: 0.00s        States evaluated: 1000
191. Total time: 3.18s        Average time: 0.00s        States evaluated: 1000
192. Total time: 2.73s        Average time: 0.00s        States evaluated: 1000
193. Total time: 2.62s        Average time: 0.00s        States evaluated: 1000
194. Total time: 2.95s        Average time: 0.00s        States evaluated: 1000
195. Total time: 2.76s        Average time: 0.00s        States evaluated: 1000
196. Total time: 2.69s        Average time: 0.00s        States evaluated: 1000
197. Total time: 2.87s        Average time: 0.00s        States evaluated: 1000
198. Total time: 2.66s        Average time: 0.00s        States evaluated: 1000
199. Total time: 2.58s        Average time: 0.00s        States evaluated: 1000
200. Total time: 2.82s        Average time: 0.00s        States evaluated: 1000
201. Total time: 2.83s        Average time: 0.00s        States evaluated: 1000
202. Total time: 2.74s        Average time: 0.00s        States evaluated: 1000
203. Total time: 3.03s        Average time: 0.00s        States evaluated: 1000
204. Total time: 2.69s        Average time: 0.00s        States evaluated: 1000
205. Total time: 2.63s        Average time: 0.00s        States evaluated: 1000
206. Total time: 2.89s        Average time: 0.00s        States evaluated: 1000
207. Total time: 2.60s        Average time: 0.00s        States evaluated: 1000
208. Total time: 2.51s        Average time: 0.00s        States evaluated: 1000
209. Total time: 2.83s        Average time: 0.00s        States evaluated: 1000
210. Total time: 2.84s        Average time: 0.00s        States evaluated: 1000
211. Total time: 2.74s        Average time: 0.00s        States evaluated: 1000
212. Total time: 3.04s        Average time: 0.00s        States evaluated: 1000
213. Total time: 2.93s        Average time: 0.00s        States evaluated: 1000
214. Total time: 2.89s        Average time: 0.00s        States evaluated: 1000
215. Total time: 3.08s        Average time: 0.00s        States evaluated: 1000
216. Total time: 2.83s        Average time: 0.00s        States evaluated: 1000
217. Total time: 3.09s        Average time: 0.00s        States evaluated: 1000
218. Total time: 3.47s        Average time: 0.00s        States evaluated: 1000
219. Total time: 2.91s        Average time: 0.00s        States evaluated: 1000
220. Total time: 2.59s        Average time: 0.00s        States evaluated: 1000
221. Total time: 2.87s        Average time: 0.00s        States evaluated: 1000
222. Total time: 2.92s        Average time: 0.00s        States evaluated: 1000
223. Total time: 2.73s        Average time: 0.00s        States evaluated: 1000
224. Total time: 2.98s        Average time: 0.00s        States evaluated: 1000
225. Total time: 2.78s        Average time: 0.00s        States evaluated: 1000
226. Total time: 2.71s        Average time: 0.00s        States evaluated: 1000
227. Total time: 2.92s        Average time: 0.00s        States evaluated: 1000
228. Total time: 3.07s        Average time: 0.00s        States evaluated: 1000
229. Total time: 2.99s        Average time: 0.00s        States evaluated: 1000
230. Total time: 3.40s        Average time: 0.00s        States evaluated: 1000
231. Total time: 2.96s        Average time: 0.00s        States evaluated: 1000
232. Total time: 2.79s        Average time: 0.00s        States evaluated: 1000
233. Total time: 3.05s        Average time: 0.00s        States evaluated: 1000
234. Total time: 2.87s        Average time: 0.00s        States evaluated: 1000
235. Total time: 2.85s        Average time: 0.00s        States evaluated: 1000
236. Total time: 2.97s        Average time: 0.00s        States evaluated: 1000
237. Total time: 2.99s        Average time: 0.00s        States evaluated: 1000
238. Total time: 2.87s        Average time: 0.00s        States evaluated: 1000
239. Total time: 3.06s        Average time: 0.00s        States evaluated: 1000
240. Total time: 2.56s        Average time: 0.00s        States evaluated: 1000
241. Total time: 2.52s        Average time: 0.00s        States evaluated: 1000
242. Total time: 2.85s        Average time: 0.00s        States evaluated: 1000
243. Total time: 2.48s        Average time: 0.00s        States evaluated: 1000
244. Total time: 2.37s        Average time: 0.00s        States evaluated: 1000
245. Total time: 2.75s        Average time: 0.00s        States evaluated: 1000
246. Total time: 2.63s        Average time: 0.00s        States evaluated: 1000
247. Total time: 2.59s        Average time: 0.00s        States evaluated: 1000
248. Total time: 2.92s        Average time: 0.00s        States evaluated: 1000
249. Total time: 2.68s        Average time: 0.00s        States evaluated: 1000
250. Total time: 2.62s        Average time: 0.00s        States evaluated: 1000
251. Total time: 2.86s        Average time: 0.00s        States evaluated: 1000
252. Total time: 2.68s        Average time: 0.00s        States evaluated: 1000
253. Total time: 2.58s        Average time: 0.00s        States evaluated: 1000
254. Total time: 2.89s        Average time: 0.00s        States evaluated: 1000
255. Total time: 2.73s        Average time: 0.00s        States evaluated: 1000
256. Total time: 2.66s        Average time: 0.00s        States evaluated: 1000
257. Total time: 2.94s        Average time: 0.00s        States evaluated: 1000
258. Total time: 2.95s        Average time: 0.00s        States evaluated: 1000
259. Total time: 2.84s        Average time: 0.00s        States evaluated: 1000
260. Total time: 3.17s        Average time: 0.00s        States evaluated: 1000
261. Total time: 2.81s        Average time: 0.00s        States evaluated: 1000
262. Total time: 2.67s        Average time: 0.00s        States evaluated: 1000
263. Total time: 2.97s        Average time: 0.00s        States evaluated: 1000
264. Total time: 2.92s        Average time: 0.00s        States evaluated: 1000
265. Total time: 2.98s        Average time: 0.00s        States evaluated: 1000
266. Total time: 3.19s        Average time: 0.00s        States evaluated: 1000
267. Total time: 2.64s        Average time: 0.00s        States evaluated: 1000
268. Total time: 2.66s        Average time: 0.00s        States evaluated: 1000
269. Total time: 2.88s        Average time: 0.00s        States evaluated: 1000
270. Total time: 3.03s        Average time: 0.00s        States evaluated: 1000
271. Total time: 2.96s        Average time: 0.00s        States evaluated: 1000
272. Total time: 3.23s        Average time: 0.00s        States evaluated: 1000
273. Total time: 2.79s        Average time: 0.00s        States evaluated: 1000
274. Total time: 2.71s        Average time: 0.00s        States evaluated: 1000
275. Total time: 2.98s        Average time: 0.00s        States evaluated: 1000
276. Total time: 3.01s        Average time: 0.00s        States evaluated: 1000
277. Total time: 3.02s        Average time: 0.00s        States evaluated: 1000
278. Total time: 3.13s        Average time: 0.00s        States evaluated: 1000
279. Total time: 2.55s        Average time: 0.00s        States evaluated: 1000
280. Total time: 2.46s        Average time: 0.00s        States evaluated: 1000
281. Total time: 2.76s        Average time: 0.00s        States evaluated: 1000
282. Total time: 2.39s        Average time: 0.00s        States evaluated: 1000
283. Total time: 2.34s        Average time: 0.00s        States evaluated: 1000
284. Total time: 2.65s        Average time: 0.00s        States evaluated: 1000
285. Total time: 2.65s        Average time: 0.00s        States evaluated: 1000
286. Total time: 2.62s        Average time: 0.00s        States evaluated: 1000
287. Total time: 2.95s        Average time: 0.00s        States evaluated: 1000
288. Total time: 2.96s        Average time: 0.00s        States evaluated: 1000
289. Total time: 2.84s        Average time: 0.00s        States evaluated: 1000
290. Total time: 3.03s        Average time: 0.00s        States evaluated: 1000
291. Total time: 2.85s        Average time: 0.00s        States evaluated: 1000
292. Total time: 2.81s        Average time: 0.00s        States evaluated: 1000
293. Total time: 3.16s        Average time: 0.00s        States evaluated: 1000
294. Total time: 3.08s        Average time: 0.00s        States evaluated: 1000
295. Total time: 2.87s        Average time: 0.00s        States evaluated: 1000
296. Total time: 3.19s        Average time: 0.00s        States evaluated: 1000
297. Total time: 2.99s        Average time: 0.00s        States evaluated: 1000
298. Total time: 3.02s        Average time: 0.00s        States evaluated: 1000
299. Total time: 3.90s        Average time: 0.00s        States evaluated: 1000
----------------------------
